referencia,ubicacion_oficial
11 de febrero,JR. 11 DE FEBRERO
13 de julio,AV. 13 DE JULIO
aeropuerto,Aeropuerto A. Revoredo
aeropuerto armando revoredo,Aeropuerto A. Revoredo
aeropuerto armando revoredo iglesias,Aeropuerto A. Revoredo
aeropuerto cajamarca,Aeropuerto A. Revoredo
agocucho,C.P. Agocucho
agua marina,JR. AGUA MARINA
agua tapada,CP. AGUA TAPADA (CARRETERA CUMBE MAYO KM 6.5)
alfajores de namora,Distrito Namora
alfonso ugarte,AV. ALFONSO UGARTE
almacenes av industrial,AV. INDUSTRIAL
alzamora miranda,Cas. Alzamora Miranda
amalia puga,JR. AMALIA PUGA
angamos,JR. ANGAMOS
angamos cuadra 14,Jr. Angamos Cdra 14
apurimac,JR. APURIMAC
artesanias de piedra huambocancha,C.P. HUAMBOCANCHA ALTA
asuncion,Distrito Asunción
atahualpa,AV. ATAHUALPA
augusto b leguia,JR. LEGUIA
avenida 13 de julio,AV. 13 DE JULIO
avenida alfonso ugarte,AV. ALFONSO UGARTE
avenida atahualpa,AV. ATAHUALPA
av atahualpa cdra 9,AV. ATAHUALPA
av atahualpa cuadra 9,Av. Atahualpa Cdra 09
av carducci,AV. MIGUEL CARDUCCI
avenida el maestro,AV. EL MAESTRO
av evitamiento norte,AV. VIA DE EVITAMIENTO NORTE
av evitamiento sur,AV. VIA DE EVITAMIENTO SUR
av heroes del cenepa,AV. HEROES DEL CENEPA
av heroes del cenepa cdra 24,AV. HEROES DEL CENEPA
av hoyos rubio,AV. HOYOS RUBIO
av hoyos rubios,AV. HOYOS RUBIOS
av hoyos rubios variante,AV. HOYOS RUBIOS
avenida independencia,AV. INDEPENDENCIA
av independencia cdra 21,AV. INDEPENDENCIA
av independencia cdra 3,AV. INDEPENDENCIA
avenida industrial,AV. INDUSTRIAL
avenida la paz,AV. LA PAZ
avenida las begonias,AV. LAS VEGONIAS
av las vegonias,AV. LAS VEGONIAS
avenida los heroes,AV. LOS HEROES
avenida los manantiales,AV. LOS MANANTIALES
avenida manco capac,AV. MANCO CAPAC
avenida mario urteaga,AV. MARIO URTEAGA
av miguel carducci cdra 9,AV. MIGUEL CARDUCCI
avenida nuevo cajamarca,AV. NUEVO CAJAMARCA
avenida peru,AV. PERU
av peru cdra 10,AV. PERU
av peru cuadra 10,Av. Perú Cdra 10
av peru cdra 13,AV. PERU
av peru cdra 4,AV. PERU
av peru cuadra 4,Av. Perú Cdra 04
avenida san martin,AV. SAN MARTIN
av san martin cdra 21,AV. SAN MARTIN
av san martin de porras,AV. SAN MARTIN DE PORRAS
bajo otuzco,C.P. Bajo Otuzco
bambamarca km 24,Carretera Bambamarca Km 24
baños del inca,AV. MANCO CAPAC
baños del inca,CARRETERA CAJAMARCA - BAÑOS DEL INCA
baños punta,Baños Punta
barrio petateros,PROL. PETATEROS
bim 11 hoyos rubio,AV. HOYOS RUBIO
bolognesi cuadra 4,Jr. Bolognesi Cdra 04
calispuquio,CASURCO / CALISPUQUIO
calispuquio casurco,CALISPUQUIO / CASURCO
callejon de otuzco,C.P. Otuzco (Callejón)
camino a chamis,CARRETERA A CHAMIS
camino a cumbemayo,CARRETERA CUMBEMAYO
camino a la paccha,CARRETERA A LA PACCHA
camino real,JR. CAMINO REAL
campo santo baños del inca,Cementerio General Baños del Inca
carcel cajamarca,PENAL DE HUACARIZ
carcel de huacariz,PENAL DE HUACARIZ
carducci,AV. MIGUEL CARDUCCI
carretera a bambamarca,Carretera Bambamarca Km 24
carretera a baños del inca,CARRETERA CAJAMARCA - BAÑOS DEL INCA
carretera a chamis,CARRETERA A CHAMIS
carretera a comumpampa,C.P. COMUMPAMPA
carretera a cumbemayo,CARRETERA CUMBEMAYO
carretera a la paccha,CARRETERA A LA PACCHA
carretera bambamarca huambocancha,C.P. HUAMBOCANCHA ALTA
carretera bambamarca km 24,Carretera Bambamarca Km 24
carretera baños del inca cajamarca,CARRETERA BAÑOS DEL INCA - CAJAMARCA
carretera cajamarca baños del inca,CARRETERA CAJAMARCA - BAÑOS DEL INCA
carretera chamis,CARRETERA A CHAMIS
carretera cumbemayo,CARRETERA CUMBEMAYO
carretera cumbemayo km 6.5,CP. AGUA TAPADA (CARRETERA CUMBE MAYO KM 6.5)
carretera la paccha,CARRETERA A LA PACCHA
caserio alzamora miranda,Cas. Alzamora Miranda
cashapampa,C.P. Cashapampa
casurco,CASURCO / CALISPUQUIO
casurco calispuquio,CASURCO / CALISPUQUIO
catedral de cajamarca amalia puga,JR. AMALIA PUGA
cementerio baños del inca,Cementerio General Baños del Inca
cementerio de baños del inca,Cementerio General Baños del Inca
cenepa,AV. HEROES DEL CENEPA
chanchamayo,JR. CHANCHAMAYO
chanchamayo cdra 15,JR. CHANCHAMAYO
chetilla,Distrito Chetilla
chimba,C.P. CHIMBA
chuco bajo,Chuco Bajo
cinco esquinas,JR. CINCO ESQUINAS
clinica limonrosas urteaga,AV. MARIO URTEAGA
colegio 82011 los fresnos,JR. LOS FRESNOS
colegio 82012 dos de mayo,JR. DOS DE MAYO
colegio 82019 av peru,AV. PERU
colegio 82020 porcon bajo,PORCON BAJO (KM 14)
colegio andres avelino caceres,AV. MANCO CAPAC
colegio carducci,AV. MIGUEL CARDUCCI
colegio champagnat el maestro,AV. EL MAESTRO
colegio cristo rey angamos,JR. ANGAMOS
colegio el milagro,C.P. EL MILAGRO
colegio huambocancha alta,C.P. HUAMBOCANCHA ALTA
colegio juan xxiii,JR. JUAN XXIII
colegio larry johnson,JR. LARRY JOHNSON
colegio marcelino champagnat,AV. EL MAESTRO
colegio miguel carducci ripiani,AV. MIGUEL CARDUCCI
colegio rafael olascoaga,Prol. Revilla Pérez
colegio san ramon chontapaccha,AV. 13 DE JULIO
colegio san ramon independencia,AV. INDEPENDENCIA
colegio santa teresita urteaga,AV. MARIO URTEAGA
colegio shudal,C.P. SHUDAL
coliseo cerrado cajamarca,AV. INDEPENDENCIA
combayo,C.P. Combayo
comercio jr apurimac,JR. APURIMAC
complejo turistico baños del inca,AV. MANCO CAPAC
comumpampa,C.P. COMUMPAMPA
conga,Conga (San Nicolás)
coñorcucho,C.P. Coñorcucho
cospan,Distrito Cospán
cp agocucho,C.P. Agocucho
cp agua tapada,CP. AGUA TAPADA (CARRETERA CUMBE MAYO KM 6.5)
cp bajo otuzco,C.P. Bajo Otuzco
cp cashapampa,C.P. Cashapampa
cp chimba,C.P. CHIMBA
cp combayo,C.P. Combayo
cp comumpampa,C.P. COMUMPAMPA
cp coñorcucho,C.P. Coñorcucho
cp cumbico,C.P. Cumbico
cp el limbe,C.P. El Limbe
cp el milagro,C.P. EL MILAGRO
cp huacariz,C.P. Huacariz
cp huacariz chico,C.P. HUACARIZ CHICO
cp huacariz grande,C.P. HUACARIZ GRANDE
cp huacariz san antonio,C.P. HUACARIZ SAN ANTONIO
cp huambocancha alta,C.P. HUAMBOCANCHA ALTA
cp huambocancha baja,C.P. HUAMBOCANCHA BAJA
cp huambocancha chica,C.P. HUAMBOCANCHA CHICA
cp la chimba,C.P. La Chimba
cp la esperanza baños,C.P. La Esperanza - Baños
cp la paccha grande,C.P. LA PACCHA GRANDE
cp nuevo peru,C.P. Nuevo Perú
cp otuzco,C.P. Otuzco
cp pariamarca,C.P. PARIAMARCA
cp plan porconcillo bajo,C.P. Plan Porconcillo Bajo
cp shaullo chico,C.P. Shaullo Chico
cp shudal,C.P. SHUDAL
cp shultin,C.P. Shultin
cp tartar chico,C.P. Tartar Chico
cp tres molinos,C.P. Tres Molinos
cristo rey angamos,JR. ANGAMOS
cruce evitamiento hoyos rubio,AV. VIA DE EVITAMIENTO NORTE
cruce evitamiento sur atahualpa,AV. VIA DE EVITAMIENTO SUR
cruce shaullo,CRUCE SHAULLO
cuartel hoyos rubio,AV. HOYOS RUBIO
cumbe mayo,JR. CUMBE MAYO
cumbico,C.P. Cumbico
del batan,JR. DEL BATAN
desvio a shaullo,CRUCE SHAULLO
distrito de asuncion,Distrito Asunción
distrito de chetilla,Distrito Chetilla
distrito de cospan,Distrito Cospán
distrito de la encañada,Plaza de Armas La Encañada
distrito de matara,Distrito Matara
distrito de namora,Distrito Namora
distrito de san juan,Distrito San Juan
dos de mayo,JR. DOS DE MAYO
el batan,JR. DEL BATAN
el estanco,PSJE. BELLAVISTA (EL ESTANCO)
el limbe,C.P. El Limbe
el maestro,AV. EL MAESTRO
el milagro,C.P. EL MILAGRO
el progreso,JR. EL PROGRESO
emilio barrantes,Jr. Emilio Barrantes
enlace vial,TRAYECTO PRINCIPAL ENLACE VIAL
entrada a shaullo,CRUCE SHAULLO
escuela huambocancha baja,C.P. HUAMBOCANCHA BAJA
escuela shudal,C.P. SHUDAL
esquina angamos evitamiento,JR. ANGAMOS
esquina de cinco esquinas,JR. CINCO ESQUINAS
esquina dos de mayo urtiaga,JR. DOS DE MAYO
esquina huanuco galvez,JR. HUANUCO
esquina loreto peru,JR. LORETO
esquina yanacocha peru,JR. YANACOCHA
estadio heroes de san ramon,AV. INDEPENDENCIA
estanco grande,PSJE. BELLAVISTA (EL ESTANCO)
evitamiento norte,AV. VIA DE EVITAMIENTO NORTE
evitamiento norte cdra 1,AV. VIA DE EVITAMIENTO NORTE
evitamiento norte cuadra 1,Vía Evitamiento Norte Cdra 01
evitamiento norte cdra 10,AV. VIA DE EVITAMIENTO NORTE
evitamiento norte cuadra 10,Vía Evitamiento Norte Cdra 10
evitamiento norte cdra 8,AV. VIA DE EVITAMIENTO NORTE
evitamiento norte cuadra 8,Vía Evitamiento Norte Cdra 08
evitamiento norte tramo urbano,VIA DE EVITAMIENTO NORTE
evitamiento sur,AV. VIA DE EVITAMIENTO SUR
evitamiento sur cdra 16,AV. VIA DE EVITAMIENTO SUR
evitamiento sur cuadra 16,Av. Vía Evitamiento Sur Cdra 16
evitamiento sur cdra 26,AV. VIA DE EVITAMIENTO SUR
evitamiento sur cdra 9,AV. VIA DE EVITAMIENTO SUR
evitamiento sur cuadra 9,Av. Vía Evitamiento Sur Cdra 09
ex penal el milagro,C.P. EL MILAGRO
feria del ganado iscoconga,Plaza Pecuaria Iscoconga
frente al penal uchuracay,JR. MARTIRES DE UCHURACAY
fresnos cuadra 1,Jr. Los Fresnos Cdra 01
fundo tres molinos,C.P. Tres Molinos
galvez,JR. JOSE GALVEZ
granja porcon km 14,PORCON BAJO (KM 14)
grifo huambocancha baja,C.P. HUAMBOCANCHA BAJA
grifo la recoleta evitamiento,AV. VIA DE EVITAMIENTO NORTE
grifo Primax evitamiento sur,AV. VIA DE EVITAMIENTO SUR
heroes del cenepa,AV. HEROES DEL CENEPA
hortensias tres molinos,C.P. Tres Molinos
hospital nuevo cenepa,AV. HEROES DEL CENEPA
hospital regional cenepa,AV. HEROES DEL CENEPA
hospital regional de cajamarca,AV. HEROES DEL CENEPA
hotel costa del sol atahualpa,AV. ATAHUALPA
hoyos rubio,AV. HOYOS RUBIO
hoyos rubio cdra 15,AV. HOYOS RUBIO
hoyos rubio cdra 20,AV. HOYOS RUBIO
hoyos rubio cuadra 20,Av. Hoyos Rubio Cdra 20
huacariz,C.P. Huacariz
huacariz chico,C.P. HUACARIZ CHICO
huacariz grande,C.P. HUACARIZ GRANDE
huacariz san antonio,C.P. HUACARIZ SAN ANTONIO
huambocancha alta,C.P. HUAMBOCANCHA ALTA
huambocancha baja,C.P. HUAMBOCANCHA BAJA
huambocancha chica,C.P. HUAMBOCANCHA CHICA
huanuco,JR. HUANUCO
huanuco cdra 1,JR. HUANUCO
huanuco cuadra 1,Jr. Huánuco Cdra 01
ie 82015 rafael olascoaga,Prol. Revilla Pérez
ie 83006 caceres,AV. MANCO CAPAC
ie juan xxiii cajamarca,JR. JUAN XXIII
iglesia san francisco amalia puga,JR. AMALIA PUGA
iglesia san sebastian galvez,JR. JOSE GALVEZ
independencia,AV. INDEPENDENCIA
independencia cdra 21,Av. Independencia Cdra 21
independencia cuadra 3,Av. Independencia Cdra 03
industrial cdra 7,AV. INDUSTRIAL
industrial cuadra 7,Av. Industrial Cdra 07
iscoconga,Plaza Pecuaria Iscoconga
iscoconga feria pecuaria,Plaza Pecuaria Iscoconga
jose galvez,JR. JOSE GALVEZ
jose galvez cdra 5,JR. JOSE GALVEZ
jose villanueva,JR. JOSE VILLANUEVA
jr 11 de febrero,JR. 11 DE FEBRERO
jiron agua marina,JR. AGUA MARINA
jiron amalia puga,JR. AMALIA PUGA
jiron angamos,JR. ANGAMOS
jiron apurimac,JR. APURIMAC
jr batan,JR. DEL BATAN
jr bolognesi,Jr. Bolognesi Cdra 04
jiron camino real,JR. CAMINO REAL
jr cervantes,JR. MIGUEL DE CERVANTES
jiron chanchamayo,JR. CHANCHAMAYO
jiron cinco esquinas,JR. CINCO ESQUINAS
jr cumbe mayo,JR. CUMBE MAYO
jiron cumbemayo,JR. CUMBE MAYO
jr del batan,JR. DEL BATAN
jiron dos de mayo,JR. DOS DE MAYO
jr el progreso,JR. EL PROGRESO
jr emilio barrantes,Jr. Emilio Barrantes
jr grau,JR. MIGUEL GRAU
jiron huanuco,JR. HUANUCO
jr jose galvez,JR. JOSE GALVEZ
jiron jose villanueva,JR. JOSE VILLANUEVA
jiron juan villanueva,JR. JUAN VILLANUEVA
jr juan xxiii,JR. JUAN XXIII
jiron la libertad,JR. LA LIBERTAD
jiron larry johnson,JR. LARRY JOHNSON
jiron leguia,JR. LEGUIA
jr lloque yupanqui,JR. LLOQUE YUPANQUI
jiron loreto,JR. LORETO
jr los alisos,Jr. Los Alisos Cdra 05
jiron los fresnos,JR. LOS FRESNOS
jiron los sauces,JR. LOS SAUCES
jiron manuel seoane,JR. MANUEL SEOANE
jiron marañon,JR. MARAÑON
jr martires de uchuracay,JR. MARTIRES DE UCHURACAY
jr miguel de cervantes,JR. MIGUEL DE CERVANTES
jr miguel grau,JR. MIGUEL GRAU
jiron miguel iglesias,JR. MIGUEL IGLESIAS
jr salaverry,Jr. Salaverry Cdra 01
jr sara mac dougal,Jr. Sara Mac Dougal
jiron tarapaca,JR. TARAPACA
jiron tayabamba,JR. TAYABAMBA
jr tupac inca yupanqui,JR. TUPAC INCA YUPANQUI
jiron union,JR. UNION
jr wiracocha,JR. WIRACOCHA
jiron yanacocha,JR. YANACOCHA
juan villanueva,JR. JUAN VILLANUEVA
juan xxiii,JR. JUAN XXIII
la chimba,C.P. CHIMBA
la encañada,Plaza de Armas La Encañada
la esperanza baños,C.P. La Esperanza - Baños
la libertad,JR. LA LIBERTAD
la libertad baños del inca,JR. LA LIBERTAD
la molina cajamarca,La Molina
la paccha grande,C.P. LA PACCHA GRANDE
la paz,AV. LA PAZ
laguna san nicolas conga,Conga (San Nicolás)
laguna san nicolas namora,Distrito Namora
larry johnson,JR. LARRY JOHNSON
larry johnson cdra 1,JR. LARRY JOHNSON
larry johnson cuadra 1,Jr. Larry Johnson Cdra 01
larry johnson cdra 6,JR. LARRY JOHNSON
las begonias,AV. LAS VEGONIAS
leguia,JR. LEGUIA
lloque yupanqui,JR. LLOQUE YUPANQUI
loreto,JR. LORETO
los alisos,Jr. Los Alisos Cdra 05
los alisos cuadra 5,Jr. Los Alisos Cdra 05
los chilcos,Quebrada Los Chilcos
los fresnos,JR. LOS FRESNOS
los fresnos cdra 1,JR. LOS FRESNOS
los heroes,AV. LOS HEROES
los sauces,JR. LOS SAUCES
lotizacion 2010,LOTIZACION 2010
manantial calispuquio,CASURCO / CALISPUQUIO
manantiales,AV. LOS MANANTIALES
manco capac,AV. MANCO CAPAC
manco capac baños del inca,Av. Manco Cápac
manuel seoane,JR. MANUEL SEOANE
marañon,JR. MARAÑON
mario urteaga,AV. MARIO URTEAGA
martires de uchuracay,JR. MARTIRES DE UCHURACAY
martires de uchuracay cdra 25,JR. MARTIRES DE UCHURACAY
matara,Distrito Matara
mercado 11 de febrero,JR. 11 DE FEBRERO
mercado modelo cajamarca,JR. 11 DE FEBRERO
mercado san sebastian galvez,JR. JOSE GALVEZ
miguel carducci,AV. MIGUEL CARDUCCI
miguel de cervantes,JR. MIGUEL DE CERVANTES
miguel grau,JR. MIGUEL GRAU
miguel iglesias,JR. MIGUEL IGLESIAS
miguel iglesias cuadra 6,Jr. Miguel Iglesias Cdra 06
municipalidad de la encañada,Plaza de Armas La Encañada
namora,Distrito Namora
necropolis de otuzco,C.P. Otuzco
nuevo cajamarca,AV. NUEVO CAJAMARCA
nuevo peru,C.P. Nuevo Perú
open plaza cajamarca,AV. ATAHUALPA
otuzco,C.P. Otuzco
otuzco callejon,C.P. Otuzco (Callejón)
ovalo de la chira,AV. VIA DE EVITAMIENTO SUR
ovalo de los incas,AV. VIA DE EVITAMIENTO SUR
ovalo musical evitamiento,AV. VIA DE EVITAMIENTO NORTE
paccha grande,C.P. LA PACCHA GRANDE
paradero a baños del inca san martin,AV. SAN MARTIN
paradero av peru,AV. PERU
pariamarca,C.P. PARIAMARCA
penal,PENAL DE HUACARIZ
penal de huacariz,PENAL DE HUACARIZ
penal huacariz,PENAL DE HUACARIZ
penitenciaria huacariz,PENAL DE HUACARIZ
petateros,PROL. PETATEROS
picapedreros huambocancha,C.P. HUAMBOCANCHA ALTA
pinocho porcon,PORCON BAJO (KM 14)
plan porconcillo,C.P. Plan Porconcillo Bajo
plaza de armas amalia puga,JR. AMALIA PUGA
plaza de armas de baños del inca,AV. MANCO CAPAC
plaza de la encañada,Plaza de Armas La Encañada
plaza pecuaria,Plaza Pecuaria Iscoconga
plaza pecuaria iscoconga,Plaza Pecuaria Iscoconga
plaza vea evitamiento norte,AV. VIA DE EVITAMIENTO NORTE
plazuela bolognesi san martin,AV. SAN MARTIN
plazuela el inca,Shaullo Chico (Plazuela El Inca)
plazuela el inca shaullo,Shaullo Chico (Plazuela El Inca)
plazuela victor raul cumbe mayo,JR. CUMBE MAYO
porcon bajo,PORCON BAJO (KM 14)
porcon bajo km 14,PORCON BAJO (KM 14)
porconcillo bajo,C.P. Plan Porconcillo Bajo
pozas termales baños del inca,AV. MANCO CAPAC
prol av peru,PROL. AV. PERU
prol grau,PROL. MIGUEL GRAU
prol miguel grau,PROL. MIGUEL GRAU
prolongacion peru,PROL. AV. PERU
prol petateros,PROL. PETATEROS
prol revilla perez,Prol. Revilla Pérez
promart cajamarca,AV. VIA DE EVITAMIENTO NORTE
pasaje bellavista,PSJE. BELLAVISTA (EL ESTANCO)
psje bellavista el estanco,PSJE. BELLAVISTA (EL ESTANCO)
pasaje de la cultura amalia puga,JR. AMALIA PUGA
pasaje san jose,Psje. San José Cdra 01
psje san jose cdra 1,Psje. San José Cdra 01
pueblo de asuncion,Distrito Asunción
pueblo de chetilla,Distrito Chetilla
pueblo de cospan,Distrito Cospán
pueblo de matara,Distrito Matara
pueblo de namora,Distrito Namora
pueblo de san juan,Distrito San Juan
pueblo huambocancha alta,C.P. HUAMBOCANCHA ALTA
pueblo pariamarca,C.P. PARIAMARCA
puente la chimba,C.P. CHIMBA
puente otuzco,C.P. Otuzco
puente tartar chico,C.P. Tartar Chico
puerta mercado modelo,JR. 11 DE FEBRERO
puerta principal unc,AV. ATAHUALPA
puesto de salud agocucho,C.P. Agocucho
puesto de salud el milagro,C.P. EL MILAGRO
puesto de salud shudal,C.P. SHUDAL
quebrada chilcos,Quebrada Los Chilcos
quebrada los chilcos,Quebrada Los Chilcos
real plaza cajamarca,AV. VIA DE EVITAMIENTO NORTE
real plaza evitamiento norte,AV. VIA DE EVITAMIENTO NORTE
retorno de baños del inca,CARRETERA BAÑOS DEL INCA - CAJAMARCA
salaverry cuadra 1,Jr. Salaverry Cdra 01
san antonio huacariz,C.P. HUACARIZ SAN ANTONIO
san juan,Distrito San Juan
san marcelino champagnat,AV. EL MAESTRO
san martin,AV. SAN MARTIN
san martin de porras,AV. SAN MARTIN DE PORRAS
san martin de porres,AV. SAN MARTIN DE PORRAS
san nicolas de chaullagon,Conga (San Nicolás)
san ramon 13 de julio,AV. 13 DE JULIO
santa teresita mario urteaga,AV. MARIO URTEAGA
sara mac dougal,Jr. Sara Mac Dougal
sara macdougal,Jr. Sara Mac Dougal
sauces cdra 6,JR. LOS SAUCES
sector agocucho,C.P. Agocucho
sector agua tapada,CP. AGUA TAPADA (CARRETERA CUMBE MAYO KM 6.5)
sector bajo otuzco,C.P. Bajo Otuzco
sector baños punta,Baños Punta
sector calispuquio,CASURCO / CALISPUQUIO
sector cashapampa,C.P. Cashapampa
sector chamis,CARRETERA A CHAMIS
sector chuco bajo,Chuco Bajo
sector comumpampa,C.P. COMUMPAMPA
sector coñorcucho,C.P. Coñorcucho
sector cumbico,C.P. Cumbico
sector el limbe,C.P. El Limbe
sector el milagro,C.P. EL MILAGRO
sector el milagro centro,EL MILAGRO
sector huacariz,C.P. Huacariz
sector huacariz chico,C.P. HUACARIZ CHICO
sector huacariz grande,C.P. HUACARIZ GRANDE
sector huambocancha alta,C.P. HUAMBOCANCHA ALTA
sector huambocancha chica,C.P. HUAMBOCANCHA CHICA
sector la chimba,C.P. CHIMBA
sector la esperanza baños del inca,C.P. La Esperanza - Baños
sector la molina,La Molina
sector lotizacion 2010,LOTIZACION 2010
sector nuevo peru,C.P. Nuevo Perú
sector pariamarca,C.P. PARIAMARCA
sector shaullo chico,C.P. Shaullo Chico
sector shudal,C.P. SHUDAL
sector shultin,C.P. Shultin
sector tartar chico,C.P. Tartar Chico
seoane cdra 1,JR. MANUEL SEOANE
shaullo,Shaullo Chico
shaullo chico,C.P. Shaullo Chico
shaullo cruce,CRUCE SHAULLO
shudal,C.P. SHUDAL
shultin,C.P. Shultin
sitio arqueologico ventanillas de combayo,C.P. Combayo
sitio arqueologico ventanillas de otuzco,C.P. Otuzco
sodimac atahualpa,AV. ATAHUALPA
subida a chamis,CARRETERA A CHAMIS
subida a chamis prol peru,PROL. AV. PERU
talleres de piedra huambocancha baja,C.P. HUAMBOCANCHA BAJA
tarapaca,JR. TARAPACA
tartar chico,C.P. Tartar Chico
tayabamba,JR. TAYABAMBA
terminal aereo cajamarca,Aeropuerto A. Revoredo
terminal terrestre evitamiento sur,AV. VIA DE EVITAMIENTO SUR
tottus atahualpa,AV. ATAHUALPA
tramo cajamarca baños,CARRETERA CAJAMARCA - BAÑOS DEL INCA
trayecto principal enlace vial,TRAYECTO PRINCIPAL ENLACE VIAL
tres molinos,C.P. Tres Molinos
tupac inca yupanqui,JR. TUPAC INCA YUPANQUI
turismo cumbemayo carretera,CARRETERA CUMBEMAYO
uchuracay,JR. MARTIRES DE UCHURACAY
unc cajamarca,AV. ATAHUALPA
union,JR. UNION
universidad nacional de cajamarca,AV. ATAHUALPA
universidad tecnologica del peru hoyos rubio,AV. HOYOS RUBIO
urb los cristales agua marina,JR. AGUA MARINA
urb lotizacion 2010,LOTIZACION 2010
urbanizacion la molina,La Molina
urbanizacion los manantiales,AV. LOS MANANTIALES
utp cajamarca hoyos rubio,AV. HOYOS RUBIO
ventanillas de combayo,C.P. Combayo
ventanillas de otuzco,C.P. Otuzco
vía a baños del inca,CARRETERA CAJAMARCA - BAÑOS DEL INCA
via cumbemayo,CARRETERA CUMBEMAYO
via de evitamiento norte,AV. VIA DE EVITAMIENTO NORTE
via de evitamiento sur,AV. VIA DE EVITAMIENTO SUR
via evitamiento norte,VIA DE EVITAMIENTO NORTE
wiracocha,JR. WIRACOCHA
yanacocha,JR. YANACOCHA
yanacocha cdra 3,JR. YANACOCHA
zona industrial cajamarca,AV. INDUSTRIAL
